{
  "lang":"en",
  "name":"pipeline",
  "version":"0.0.0",
  "spacy_version":">=3.8.4,<3.9.0",
  "description":"",
  "author":"",
  "email":"",
  "url":"",
  "license":"",
  "spacy_git_version":"85cc763",
  "vectors":{
    "width":0,
    "vectors":0,
    "keys":0,
    "name":null,
    "mode":"default"
  },
  "labels":{
    "tok2vec":[

    ],
    "ner":[
      "COLOR",
      "FOOD",
      "PART",
      "PHYSICAL_QUALITY",
      "PROCESS",
      "PURPOSE",
      "QUANTITY",
      "TASTE",
      "UNIT"
    ]
  },
  "pipeline":[
    "tok2vec",
    "ner"
  ],
  "components":[
    "tok2vec",
    "ner"
  ],
  "disabled":[

  ],
  "performance":{
    "ents_f":0.9302844395,
    "ents_p":0.9290753806,
    "ents_r":0.9314966493,
    "ents_per_type":{
      "QUANTITY":{
        "p":0.9805950841,
        "r":0.9908496732,
        "f":0.9856957087
      },
      "UNIT":{
        "p":0.9782608696,
        "r":0.9633027523,
        "f":0.9707241911
      },
      "FOOD":{
        "p":0.8836930456,
        "r":0.8987804878,
        "f":0.8911729141
      },
      "PHYSICAL_QUALITY":{
        "p":0.7375886525,
        "r":0.7482014388,
        "f":0.7428571429
      },
      "PROCESS":{
        "p":0.9471153846,
        "r":0.9162790698,
        "f":0.9314420804
      },
      "COLOR":{
        "p":0.7631578947,
        "r":0.8285714286,
        "f":0.7945205479
      },
      "TASTE":{
        "p":0.8214285714,
        "r":0.92,
        "f":0.8679245283
      },
      "PURPOSE":{
        "p":0.95,
        "r":0.8260869565,
        "f":0.8837209302
      },
      "PART":{
        "p":0.7142857143,
        "r":0.5,
        "f":0.5882352941
      }
    },
    "tok2vec_loss":696.9564827359,
    "ner_loss":423.7910766602
  }
}