{
  "lang":"en",
  "name":"pipeline",
  "version":"0.0.0",
  "spacy_version":">=3.8.4,<3.9.0",
  "description":"",
  "author":"",
  "email":"",
  "url":"",
  "license":"",
  "spacy_git_version":"85cc763",
  "vectors":{
    "width":0,
    "vectors":0,
    "keys":0,
    "name":null,
    "mode":"default"
  },
  "labels":{
    "tok2vec":[

    ],
    "ner":[
      "COLOR",
      "FOOD",
      "PART",
      "PHYSICAL_QUALITY",
      "PROCESS",
      "PURPOSE",
      "QUANTITY",
      "TASTE",
      "UNIT"
    ]
  },
  "pipeline":[
    "tok2vec",
    "ner"
  ],
  "components":[
    "tok2vec",
    "ner"
  ],
  "disabled":[

  ],
  "performance":{
    "ents_f":0.9364960777,
    "ents_p":0.9396551724,
    "ents_r":0.9333581534,
    "ents_per_type":{
      "QUANTITY":{
        "p":0.9830949285,
        "r":0.9882352941,
        "f":0.9856584094
      },
      "UNIT":{
        "p":0.9843260188,
        "r":0.9602446483,
        "f":0.9721362229
      },
      "FOOD":{
        "p":0.8983050847,
        "r":0.9048780488,
        "f":0.9015795869
      },
      "PHYSICAL_QUALITY":{
        "p":0.8174603175,
        "r":0.7410071942,
        "f":0.7773584906
      },
      "PROCESS":{
        "p":0.9099099099,
        "r":0.9395348837,
        "f":0.9244851259
      },
      "COLOR":{
        "p":0.8484848485,
        "r":0.8,
        "f":0.8235294118
      },
      "TASTE":{
        "p":0.875,
        "r":0.84,
        "f":0.8571428571
      },
      "PURPOSE":{
        "p":0.9545454545,
        "r":0.9130434783,
        "f":0.9333333333
      },
      "PART":{
        "p":0.75,
        "r":0.6,
        "f":0.6666666667
      }
    },
    "tok2vec_loss":777.6086130059,
    "ner_loss":1126.3901367188
  }
}